{"cameraMode":{"drawMode":0,"name":"Shaded","section":"Shading Mode"},"sceneLighting":false,"audioPlay":false,"sceneViewState":{"m_AlwaysRefresh":true,"showFog":true,"showSkybox":false,"showFlares":true,"showImageEffects":true,"showParticleSystems":true,"showVisualEffectGraphs":true,"m_FxEnabled":true},"in2DMode":false,"pivot":{"x":-0.00009590387344360352,"y":0.8072789907455444,"z":0.07532685995101929},"rotation":{"x":0.09898044168949127,"y":0.725939929485321,"z":-0.10720646381378174,"w":0.6723460555076599},"size":1.3070727586746216,"orthographic":false}