{"cameraMode":{"drawMode":0,"name":"Shaded","section":"Shading Mode"},"sceneLighting":true,"audioPlay":false,"sceneViewState":{"m_AlwaysRefresh":true,"showFog":true,"showSkybox":true,"showFlares":true,"showImageEffects":true,"showParticleSystems":true,"showVisualEffectGraphs":true,"m_FxEnabled":true},"in2DMode":false,"pivot":{"x":-20.983352661132814,"y":-7.810409069061279,"z":50.56332778930664},"rotation":{"x":0.10736839473247528,"y":-0.05281401425600052,"z":0.005447482690215111,"w":0.9928866028785706},"size":19.938764572143556,"orthographic":false}