{"cameraMode":{"drawMode":0,"name":"Shaded","section":"Shading Mode"},"sceneLighting":false,"audioPlay":false,"sceneViewState":{"m_AlwaysRefresh":true,"showFog":true,"showSkybox":false,"showFlares":true,"showImageEffects":true,"showParticleSystems":true,"showVisualEffectGraphs":true,"m_FxEnabled":true},"in2DMode":false,"pivot":{"x":0.5939443111419678,"y":0.7931458353996277,"z":-0.5694878101348877},"rotation":{"x":0.02946389839053154,"y":0.9461404085159302,"z":-0.09061173349618912,"w":0.30994880199432375},"size":1.7842050790786744,"orthographic":false}